<?xml version="1.0" encoding="UTF-8"?>
<beans xmlns="http://www.springframework.org/schema/beans"
	xmlns:xsi="http://www.w3.org/2001/XMLSchema-instance" xmlns:jdbc="http://www.springframework.org/schema/jdbc"
	xsi:schemaLocation="http://www.springframework.org/schema/beans http://www.springframework.org/schema/beans/spring-beans-3.0.xsd
			http://www.springframework.org/schema/jdbc http://www.springframework.org/schema/jdbc/spring-jdbc-3.0.xsd">

	<!-- Root Context: defines shared resources accessible to all other web 
		components -->

	<!-- Drives transactions using local JPA APIs -->
	<bean id="transactionManager" class="org.springframework.orm.jpa.JpaTransactionManager">
		<property name="entityManagerFactory" ref="entityManagerFactory" />
	</bean>

	<!-- Creates a EntityManagerFactory for use with the Hibernate JPA provider 
		and a simple in-memory data source populated with test data -->
	<bean id="entityManagerFactory"
		class="org.springframework.orm.jpa.LocalContainerEntityManagerFactoryBean">
		<property name="dataSource" ref="dataSource" />
		<property name="jpaVendorAdapter">
			<bean class="org.springframework.orm.jpa.vendor.HibernateJpaVendorAdapter" />
		</property>
	</bean>

	<!-- Creates an in-memory HSQLDB Database -->
	<jdbc:embedded-database id="dataSource" type="HSQL" >
		<!-- <jdbc:script location="classpath:import.sql" /> -->
	</jdbc:embedded-database>

</beans>
